Name,PI,Researcher
Laura Castillo-Martinez,,2606
Matthew J Rognlie,,"1181, 730"
Nancy A Hammond,,"343, 293"
Esther Velasquez,,3019
Chiara Maggi,,2306
Antoinette Schoar,"54, 308",
Yao Zeng,,1185
Rosemary T Hyson,,2951
Evan K Rose,2034,
Trang P Ha,,"1586, 1380"
Johannes Norling,,869
William H Carter,342,
Pilar Gonalons,2488,
Juan Carlos Suarez Serrato,,"1667, 2528, 2998"
Frank Heiland,,2951
Nicole A Gandre,,2835
Cameron W Healy,3012,1518
Yuheng Ding,,2296
Christopher B Barrett,2913,
Shelby R Buckman,,1694
Arnab K Basu,,1310
Benjamin Feigenberg,,2793
Jorge Jaumandreu Balanzo,,2585
Seema G Nayak,,2817
David Silver,,"1105, 932"
Matthew Tarduno,,"1284, 1406"
Reiko M Laski,,2441
Lucas Taulbee,,2956
Timothy Dore,"900, 2801",881
Denise R Bell,,1746
Nicolas Ziebarth,,"1967, 1422"
Bin Wei,2878,
Lancelot Charles Phi Henry de Frahan,,908
Robert Belli,1583,
Namrata Narain,,"1571, 1352"
Benjamin B Schoefer,,819
Siyu Liu,2829,
Katie R Genadek,,"2548, 1743, 2239, 2424, 2228, 2343"
Jung Ho Choi,1668,
Zi Wang,,1109
Rhea G Acuna,,2136
John M Van Reenen,,"1694, 1684, 2389"
Jordan B Marvakov,,607
Sandra E Black,,204
Toshihiko Mukoyama,2319,
Matthew Marx,,1182
Kristin - Mccue,,"1467, 1151"
Edith Laget,,987
Michael Siemer,1579,
Jennifer M Walsh,,1571
Erik Vickstrom,,2357
Soo Jin Kim,,1255
Kao-lee Liaw,,665
John J Stevens,514,
Megumi Tanabe,,1994
David J Deming,2751,
Muhammet Fatih Guvenen,,1694
Liz Wachs,,2173
Andrew Weaver,,1561
Marco Allain,,2717
Joseph P Janko,,2280
Patricia Angle,,1069
Jason Hall,,2012
Jake Anderson,,2034
Philip F Cooper,,66
Charles Pfander,,"2157, 1802, 1846"
Yotam Shem-Tov,,2034
Nitya Pandalai Nayar,2439,"1298, 834, 784, 1057"
Olesya N Baker,,369
Alexander C Prairie,,1528
Haoyang Liu,,2775
Jiaze Li,,"1298, 1686, 2315, 987"
Jeanne S Ringel,,312
Roni Kisin,,786
Carlos F Avenancio,,"1611, 2416"
Wei Huang,,"786, 1185"
Xiaonan Ma,2799,
Sheela Kennedy,,620
Shan Ge,,1400
Lucas Zavala,,1518
Christopher Vickers,1967,2489
Ian M Schmutte,1085,
Larisa C Cioaca,,2185
Michal Zator,,1572
Lance Freeman,1329,
Nikhil Rao,2957,2295
"Patrick F Akey, Jr",,2128
Mattan C Alalouf,,1743
Chen Liang,,2176
Peter Hepburn,,2175
Benjamin A Campbell,845,
Mingye Yin,,2744
Vincent Thivierge,2581,
William Lincoln,,"1298, 784"
Kevin Shih,1582,2104
Katie M Jajtner Gottfredsen,,2338
Jagadeesh M Sivadasan,"580, 2103","784, 880, 444, 815, 682"
Ross Cole,,2766
Lisa K Bates,907,
Ethan Hossain,,2075
Joshua Witter,,1888
Felix Tintelnot,,"1179, 1975"
Yoonsoo Lee,289,674
Xiaoyong Zheng,811,
Michiru Sakane,,623
Scott Langford,,2782
Ishaana Talesara,,1684
James C Davis,,"189, 1571, 786, 3062, 2221, 607"
Colin McMillan,,2173
Grace C Ozor,,2631
Kevin Mullally,1987,
Paul A Parker,,1071
Serdar Aldatmaz,,662
Nora Schwaller,,"2285, 2556"
Melissa Chow,,1975
Kyle J Caswell,1510,
Jeffrey Waddoups,,2497
Dan Vedensky,,1071
Andrew Hanks,,2383
Tanvi Jindal,,"2606, 2306"
Andrea Stella,"2427, 1287",
Paul - Metaxatos,,588
Elise Marifian,2465,
Michael A Stanko,566,
Chuhang Yin,,1109
Moritz C Fliescher,,751
Benjamin J Lipsius,,1686
Kyle L Handley,"1686, 1057, 987",1670
Victoria Zhang,,2176
David J Ravenscraft,,668
Judith K Hellerstein,9,
Adrien Matray,,2732
Christopher J Kurz,1237,264
Louis J Maiden,,"2396, 1571, 2766"
E. Lance Howe,,1211
Christopher R Stewart,2794,
Roger Renteria,,2717
Nicholas A Bloom,"1694, 712, 2109","1057, 1670, 1632, 2406, 1652"
Lauren Cohen,819,
Cody F Cook,,1694
Sarena F Goodman,,441
Abraham Flaxman,2529,
Xu Zhang,,880
Lei Li,,1091
Carl C Kontz,,2732
Max Schiller-Risch,,"758, 658"
Jie Yang,,493
Rosa L Matzkin,,406
Lehuyen Pham,,1994
Arthur R Wickard,,1684
Benjamin W Pugsley,"1731, 908",
William H Frey,"665, 412",664
Mar Reguant,,1158
Daniel A Ackerberg,,420
Steven W Ho,,668
Angela Bruns,,1727
Harun Alp,2199,
Jennifer L Van Hook,2357,1748
Lara P Loewenstein,,"1180, 730"
Claire Altman,2307,
Bharat K Chandar,3042,2109
Senan Hogan-Hennessy,,2913
Daniel B Jones,,2416
Frederick Purifoy,,2497
Daniel Tannenbaum,"1877, 1394","2593, 2476"
Rustom D Manouchehri Irani,"1958, 1212",
Timothy L Hamilton,,406
Cian Ruane,,1440
Anita Pena,2054,2283
Benjamin M Marx,1633,1779
Michael A Olabisi,,1686
Jack Liang,2549,"1975, 1916"
Edward Feser,490,
Thomas Hasenzagl,,1917
Evan P Crawford,,1464
Yue Fang,,880
Andrew J Cassey,1027,
Jose D Pacas,,"1459, 797"
Morad Zekhnini,,2234
Amelia A Hawkins,,"802, 2108"
Peter F Graven,,"820, 878"
Jonathan E Schwartz,,70
Ryan H Moss,,1833
Giovanni Righi,,2548
Maya E Donovan,,"1667, 2528, 2998"
Panle J Barwick,,1433
Arkey Barnett,,2295
Ishita Ahmed,,2593
Anant ray D Vyas,,343
John E Anderson,1751,
Anupam Nanda,,83
Nicholas D Mark,,2602
Juliette Weber,,2717
Spencer H Boyum,,2473
Hye Jin Rho,1561,
Rosemary L Batt,1803,
Rebekah L Coley,,2931
Serguey Braguinsky,,2296
Lawrence F Warren,1422,1819
Mark Turner,2858,
Mark J Kutzbach,2417,
Geoffrey A Tate,,"753, 845, 2396, 1589, 881, 2117"
Nicholas Poggioli,,845
Rebecca E Zarutskie,"493, 881","662, 808"
Marek Zapletal,,"580, 674, 880"
Alison Aughinbaugh,,2525
Sungil Kim,,2967
Ariel A Listo Argul,,1191
Guanyu Zhou,,2109
Qingfang Wang,"391, 657",
Ariel J Binder,,"1284, 802"
Marion Carr,,2441
Daniel M Olson,,845
Bria Gresham,,2934
Margaret Yellen,,1684
Aaron B Flaaen,,"1298, 834, 784, 2631, 2407, 2439"
Anil Rupasingha,,"3062, 1208"
Nicholas Scott-Hearn,,2898
Nicola Cetorelli,381,
Erin L Linnenbringer,,287
Amelia Dana,,"2550, 2934"
Jairus Rossi,,"2552, 2657"
Dirk Jenter,,730
Zeb M Burke-Conte,,2529
Jacob Bastian,,869
Joshua H Davidson,2541,
Jonathan E Arnold,,2730
Carlianne Patrick,1275,
Shama Campbell,,863
Tyler J Ludwig,2731,
Victoria Gregory,,"2539, 1819"
Kimberly A Weeden,,2888
Peter R Landry,,623
Eileen Divringi,2061,
Celeste Carruthers,2547,
Brent M Hueth,906,"1119, 2221"
Dominick G Bartelme,,1255
Elizabeth Roth,,"312, 2759"
Min Xie,2452,
Neil R Mehrotra,,"2214, 1189"
Huizi Yu,,2358
Feng Lin,,"2347, 2441, 1440, 2542"
Brian T Melzer,640,
Jesse Linkhorn,,2810
Yupeng Wang,,1356
Jonathan M Davis,,299
Kelsey E Figone,,2548
David A Raglin,,2556
Juan Pantano,,296
Pang-Li Chen,,2638
Kara Jones,,2941
John L Mckeon,,1874
Adrian Hamins-Puertolas,,1237
Adam M Isen,,"786, 2801, 932"
Hong Yu Lai,,2211
Anne Marie Knott,1127,
Heather Graham,,1532
Michael C Lotspeich,2885,"2120, 1320"
Ting Lan,,1298
Jiwon Lee,,2703
Nima A Dahir,,2510
Jing Xue,,"2117, 2858, 1354, 1680"
Victoria Consolvo,,1731
Jan L Youtie,1115,
Nicolas Crouzet,"2214, 1189",
Jose-Antonio Espin-Sanchez,2489,
Earnest Curtis,"1667, 2528, 2998","2173, 1258, 623, 662, 1213"
Elena Patel,2484,2108
Daniel B Sands,,1182
Keith Pennington,,2358
Kyle F Herkenhoff,,"848, 1917, 2511"
Brendan Moore,,2109
Hana T Chmielewski,,2809
Benjamin Gilbert,1947,"2215, 1901"
Zara A Contractor,,1787
Kyle Butts,,1916
Millard J Habegger,,2296
Zaki Dernaoui,,1400
Joshua M Drucker,,490
Kosali I Simon,,66
Canyon Bosler,,2226
Abhay P Aneja,"1611, 2416",
Jeremy Majerovitz,,2539
Jeffrey Wang,,1975
Mitsuru Igami,,815
Ofer Eldar,2498,
Aisulu Munkina,,"1987, 2396"
Mike Mei,,1605
Timothy Hodge,,2661
Rigoberto Lopez,2585,
Cristina Tello-Trillo,,"1572, 1975"
Jessalyn A Nelson,,2793
Maxwell C Rong,,2888
Colleen Heflin,3059,
Katharine Sadowski,2912,
Frank F Limehouse,,406
Jiwon Hwang,,2967
Annette Tower,,2181
Jaclyn K Lee,,2427
Huiyu Li,,"2441, 1440"
Emily R Tisdale,,441
Gang Zhang,,"662, 623, 493, 808"
Cuiping Long,,1169
David B Grusky,2888,2510
Peter Newberry,1892,
Markus Lithell,,"848, 1917, 2511"
Angela VanDerwerken,,802
Patrick J Kehoe,434,
Bryan Hong,"2881, 2656",
Jae Hyeong Lee,,1071
David Neumark,"2693, 1522",2146
Warren B Bailey,,1572
Selale Tuzel,,2838
Joelle H Abramowitz,1727,
An Chee (Angie) . Low,570,
Natarajan N Balasubramanian,444,"880, 815, 2103"
Ernst R Berndt,,607
Justin S Shin,,623
Song Ma,,1572
Lawrence Christiano,,434
Joseph T Jourden,,1572
Matthew S Hall,"1178, 2703",
Ethan Singer,,870
Kevin Todd,,1406
Quan Li,,1449
Nathan Modica,,1703
John Eric Humphries,2476,
Max F Floetotto,,712
Lilei Xu,1185,
Orna K Intrator,589,
Vincent K Fu,29,
Jianqiu Bai,"2396, 1617","2511, 1987, 1473, 848, 1352, 1069"
Jonathan D Fisher,,1125
Regina Werum,2907,
Jim A Levinsohn,"264, 784",378
Christal G Hamilton,,2307
Andrea L Eisfeldt,369,
Vyacheslav Mikhed,3020,
Solita J Jones,,2817
Sean M Mihaljevich,,"908, 1273"
Jingyuan Li,829,
Peter Scobas,,1406
Miao Zhang,,"2838, 1572"
Jeremy Greenwood,,2633
William R Kerr,"1571, 2766, 306, 598","1841, 2396, 305, 1731, 1182, 1352, 1481"
Nathaniel T Aden,,1158
Christopher R Walters,,487
AJ Golio,2689,
Kelly Hewett,2181,
Wenquan Zhang,,"1745, 2517"
Randall K Akee,,994
David Wasser,2564,
Liu A Yang,"1354, 753, 2117","2396, 848, 2858, 845, 1680, 881"
Andrew Barr,1888,
Vladislav Slanchev,,537
David Van Riper,,2228
Wenting Ma,,"2396, 1850, 1589, 881"
Andy Krause,,1115
Frank M Fossen,2936,
Augustine Denteh,2861,1208
Morgan J Foy,,"1956, 2211"
Maya Rossin-Slater,2898,"1284, 932"
Jie He,"2838, 1091",
Leah Brooks,,2550
Jose Holguin-Veras,863,
Krista J Ruffini,,1284
Ariel M Pihl,,1284
Innessa Colaiacovo,,2396
Guangye Cao,,1298
Dan Black,2323,2816
Camille Hillion,,2109
Anne Burton,2200,
Yue Wang,,1354
Gisela Maria Rua,,1237
Nathaniel S Johnson,,"751, 1101, 1182, 1125"
Han Liu,,2517
Audrey Beck,,550
Jason E Devine,"670, 669",
Lori S Bennear,247,
Smith Williams,,2417
Philip Garboden,,2137
Thomas J Holmes,870,
Francie E Streich,,601
Trang T Pham,,2307
Caroline Lee,,2479
Christopher M Levesque,,"1459, 1586"
Jacob S Adenbaum,,"848, 1917"
Charlene R Ramos,,2427
Shan N He,,237
Brian Redding,,"2810, 2552"
Suyeon Jo,,1833
Jan M Eberth,2086,
Dylan K Nelson,2176,
Ziqi Qiao,,1119
Simon Quach,,1175
Xueyun Luo,,2103
Johannes P Dolfen,,1440
Orges Ormanidhi,,994
Michael S Dworsky,,717
Karl D Boulware,,293
Coleman D Drake,,1362
Christopher F Goetz,,1942
Matthias G Kehrig,"761, 2210","434, 1353, 2081"
Adam X Greeney,,514
Glenn Ellison,305,
Angela Pae,,1532
Shai Bernstein,1151,1694
Tammy L Riggs,,1320
Baobao Zhang,,2110
Yue Li,2339,
Fariha Kamal,,"2631, 1027"
Jose A Rodriguez Lopez,,1175
William Hoyt,2956,
Saheel A Chodavadia,,"1731, 1481"
Melanie Tran,,1946
Xin Lu,,808
Jacob A Klerman,312,
Cesare Righi,,828
Katherine T Harback,1335,
Maire T Mullane,,"1571, 2766"
Sara Murray,,406
Owen M Zidar,,2473
Jason R Henderson,413,
Weiting Zhang,,299
Frederick Mencken,,"2120, 1320"
Xin Dai,"2857, 2479",
Jin Woo Chang,,"880, 815, 682"
Zhiqi Zhao,1692,
Charles Williamson,,1942
Emily K Greenman,,1178
Claire A Kovach,,2082
Michael Greenstone,272,
Andrea Atencio De Leon,,"1808, 1527"
Hoang Lan Dinh,,1731
Lingxin X Hao,,2824
Filippo Mezzanotti,1874,
Dione Sunshine Hillygus,,390
Zoey Chopra,,1743
Sendhil Mullainathan,,54
Xiaolan Zhang,,"3039, 2235"
Mine Z Senses,378,1237
Yu Ma,,"1667, 2173"
Zulema Valdez,396,
Antoine N Gervais,,871
Laxman Timilsina,2265,
Sudipta Basu,,2479
Andrew L Garin,1527,"2769, 1255"
Dean A Parker,,2775
Joshua S Louria,,514
David B Richardson,2359,
Zhen Ye,,1589
Evan P Starr,,815
Matthew Hall,,1917
Thomas C Keene,,"1835, 2120, 2875"
Jorg L Spenkuch,1737,
Grant C Graziani,,"1105, 1284"
Matthew Eisenberg,2477,
Dan Ramsey,,177
Marie Wu,,797
Ryan Decker,,1237
James Mildenberger,,1703
Amalia R Miller,,556
Christopher J Malloy,,819
Dan Cao,,2319
Sophia B Moore,,2794
Christian Brostrup-Jensen,,589
Daniel A Bens,503,
Kaiji Chen,,1318
Emily Weisburst,2543,
Daniel Garrett,,1667
Ivan Carrillo-Garcia,,1111
Lena Shi,,1719
Bradley Setzler,2567,
Aneesh Raghunandan,,2129
Michelle Lam,2212,
Ken-Hou Lin,1364,
Vellore Arthi,2523,
Roger D Feldman,,878
Danielle Steelesmith,2408,
Jing Deng,2601,
Erich Denk,,"2735, 1069"
Hye-Jung Yun,,2867
Alexis B Brownell,,1352
Robert J Kurtzman,1381,
Sebastien M Breau,,209
Sharon Belenzon,2185,
Hannah F Rubinton,2539,"1179, 1975, 908"
Ari D Gelbard,,1569
Ronni X Pavan,2674,
Zachary Steckler,,2660
Eric T Chyn,,"784, 2403"
Titan Alon,,"1134, 908"
Ana Lucia Cordova-Cazar,,1583
Gary J Gates,813,
Erica Palmer,1449,
Laura O Taylor,,"406, 423"
Mu-Jeung Yang,1134,1069
Tong Xu,,1318
Vrinda Mittal,,2570
Linli Zhao,,2262
Olga V Smirnova,,796
William Jungerman,,1917
Amy D Cyr,,"3075, 2446, 2484"
Gloriam V Guenzburger,,2817
Austin M Sandler,,2556
Devi Chelluri,,1809
Erik B Johnson,,550
Chi Zhang,,"2838, 1617"
Noriko Amano,1787,
Weiliang Tan,2800,
Connor Cole,,1284
Christopher W Taylor,,906
Dyanne A Vaught,,"1298, 1515"
Meng Liu,,1069
Oliver Shih,,2387
Lauren E spits,,2631
Paige Stevenson,,"2606, 2306"
Daniel Feenberg,763,
Keith E Wardrip,,2061
Yue Qiu,,"2857, 2479"
Owen Thompson-Ferguson,,1849
Javier - Miranda,333,1027
Spencer B Bowdle,,"2631, 2439"
JC T Makolo,,"1352, 1180, 730"
Ryan C Lewis,1873,
John D Iceland,2082,
Nir Jaimovich,,712
Adriana Kugler,1812,
Christopher E Robertson,,1459
David Dam,,1883
Xiangping Liu,,406
Victor A Shlychkov,649,"83, 429"
Linda Zhao,2167,
Jessica Min,2989,
Hanh T Le,,1212
Jingyi Cui,,2193
Caitlin M Kearns,,401
Jonathan Bradley,,1071
Razvan Vlaicu,2962,
Dawoon Kim,,"1572, 808"
Peter E Frase,,532
Eunhee Lee,,2631
Kevin Kniffin,2383,
Xiaomei Sui,,2685
Nicolas Morales Garcia,2104,1582
Pablo Fajgelbaum,,1276
Andrew Smith,,2985
Raeven F Chandler,,1345
Camila Bratten,,1743
Adriana Troiano,,2214
Kathryn C McDonald,,2527
Ralph A Mastromonaco,,406
Chang-Tai Hsieh,"2441, 1440",
Mark H Lang,,1532
David S Lee,146,
Troup Howard,2605,
Justin Denney,2284,
Nuno Limao,,987
Jeronimo R Carballo,1846,987
Mai T Nguyen,,937
Georgios Magkotsios,,848
Devesh R Raval,,1014
Christian Delgado de Jesus,,623
Heonyeong Lee,,2711
Sebastian Heise,"1883, 2527, 1273","1298, 2407, 871"
Lucy M Goodhart,831,
Ferdinando Monte,,1832
Jorge A Guzman,,1499
Ryan Shyu,,"1151, 1652"
Arline T Geronimus,287,
Jamein P Cunningham,,869
Daniel E Keniston,,787
James M Reeves,,"2854, 2957"
Rema N Hanna,,272
Fiona L Sequeira,,1668
Francis Wong,,2605
Pinar Celikkol Geylani,"2712, 284, 859",
Rafeya Raquib,,3081
Damian R Thomas,,1528
Jeffrey A Tamburello,,1320
Karin Wu,,"1849, 2521"
Alvin J Silk,607,
Alexander J Ramiller,,2137
Clarissa A Yeap,365,
Brenden D Timpe,2593,"2548, 1284, 1854, 2108, 802"
Jonathan Cohn,,1497
David M Blau,539,
Orlando A Garcia,,2407
Brooks M Depro,,796
William M Rafey,,2211
Jihoon Sung,,1440
Michael Peress,,297
Janice C Probst,,774
Konhee Chang,2669,
Saimun Habib,,2157
Clemens A Aeppli,2868,
Sheah M Deilami,,2309
Yue M Zhou,834,580
Rachel Schuh,,"1694, 2109"
John M Coglianese,,1527
Maria Rosales Rueda,,2040
Sreyas Mahadevan,,2441
Benjamin C King,,845
Paul H Mohnen,,2548
Matthew Simpson,,1071
Philip S Doctor,,"369, 343, 410"
Chang Liu,2685,
Yizhao N Yang,452,
John R Logan,2517,1745
Nicole M Dalzell,,1385
John Cantrell,,2359
Oren Ziv,"1890, 1255",1069
Ruoniu Wang,,2137
Regina Baker,,2972
Nicholas Intscher,,1485
Carlos A Gonzalez-Calderon,,863
Catherine A Fitch,620,
Duan Zhang,,2947
Richard Thakor,2715,
Luke Petach,,2054
Jesse M Rothstein,2835,
Junia Howell,,2080
Brian P Greaney,,"1811, 1286"
Chaewon Baek,,"1298, 2439"
Sarah Nunez-von Bargen,,2176
Harrison Wheeler,,908
Matthew Sveum,1227,2194
Xiaoshuang Luo,,2534
Carl Vieregger,,1127
Emily Leslie,,2947
Pinelopi Goldberg,,1286
German Bet,1410,
Coenraad Pinkse,2222,
Tony E Smith,,1988
Sean M Moore,,413
Danny Kurban,2391,
Vanessa A Ntungwanayo,,2548
Rebecca Diamond,,3042
Ben Ranish,,2427
Sophia M Croome,,1572
Kanika Kapur,,255
Logan T Lewis,,"2427, 1287"
Megan J Benetsky,,665
Carlos Rangel,,2081
Alexander A Houtz,,1731
Rachel M Atkins,,2105
Cornell J Krizan,,1109
Kuan-Yi Chen,,482
Sabrina Nasir,2522,
Austin J Lentsch,,1684
Qiping Xu,1850,
Seung Hyeong Lee,,"2838, 1572"
Julia Behrman,,2602
Kristine M Witkowski,1157,
Marianne Wanamaker,,2547
Kendal Lowrey,,2357
Yongsuk Lee,,589
James R Tybout,1109,
Shawn Ratcliff,,2907
David E Simon,,1481
Gwynne Evans-Lomayesva,,2343
Jonathan I Dingel,,"1179, 1975"
William D Lastrapes,,1085
Belen Villalonga,246,
Nicola Pierri,,1057
Chris Fowler,,"1070, 2228"
Antje Kirchner,,1583
Umberto Muratori,,1812
Weiting Miao,,"1109, 2606, 1667, 2210, 2998"
Kevin Caves,420,
Garrett Anstreicher,2413,"1284, 2508, 1849"
Marina J Chabot,,2817
Jungwon A Son,,2296
Leslie Root,,2934
Marina Gindelsky,1403,
Rachel Meltzer,2550,
In Song Kim,,1485
Ana M Herrera,2262,
Daniel S Ober-Reynolds,,1518
Tasaneeya Viratyosin,,2109
Lucas S Moyon,,2427
Benjamin Rosa,2075,
Jacqueline MacDonald Gibson,2809,
German Gutierrez,,2431
Anna E Wentz,,1284
Ryan Hanson,,2262
Janjala Chirakijja,1784,
Brendan M Price,,"1181, 1684"
Siyuan Liu,,"1181, 1684"
Erika Iisa,,2817
Hunt V Allcott,787,
Zeynep T Suzer Gurtekin,1064,
Brian T Lucking,,"1632, 1694, 1057"
Min Jeong Kim,,1743
Amy Lim,,"2697, 2278, 2181, 2547, 2941, 2861"
Christopher Timmins,,406
Eric Grodsky,2239,
Alejandro Parraguez-Tala,,2439
Yixin Wang,,834
Samuel W Arenberg,2603,2272
Naoka Carey,2931,
Benjamin W Raymond,,2497
Kendra R Marcoux,2309,
Joseph R Reddin,,2674
Ray H Kim,,2211
Ryan K Vaughn,,406
Andrea Cerrato,,1956
Kevin Rinz,,1942
Deniz Civril,1180,"1571, 1352"
Marigee Bacolod,170,
Marissa Hartsoe,,2552
Eleanor R Wilking,,880
Franz Fuchs,2909,
Paige Rowberry,,3075
Sahil Chinoy,,2747
James Traina,3069,"2735, 2441"
Derek Christopher,,2534
Daniel A Hartley,,2403
Erika Uyterhoeven,,786
Anton Babkin,,"1119, 906, 2221"
Shouyue Yu,,"623, 493"
Richard Jin,,2835
Luciano Lapa,,2181
Jiashuo Feng,2229,
Tao Zha,1318,
Emek M Basker,,"1433, 1179"
Julie Gressley,,2383
Yuhan Wang,,2521
Raja P Velu,202,
Chunlin Chen,,2432
Rong Huang,,1252
Robin M Leichenko,708,
Aleksey G Verkhivker,,447
Masaki Yamada,,189
Kevin Duncan,2497,
Florence E Honore,2296,845
John R Hipp,"2534, 455",
Tim Ortyl,,797
Kelsey Cundiff,,1549
Jennifer Withrow,,2357
Michael A Zabek,2226,1284
Kei-Mu Yi,2631,
Animesh Giri,,802
Daniel O'Connor,,"1956, 2211"
Chen Sun,,1105
Joshua Clapp,2215,
Philip G Berger,,503
Lorenz Kueng,,1134
Sibo Lu,,1105
Anne Royalty,,1362
Shaoming Cheng,943,
Ivan D Sanchez-Diaz,,863
Hannah R Case,,2835
Flavio Stanchi,,1433
Brent Haydamack,,209
Robert Kaestner,1169,
Elizabeth W Handwerker,,429
Caroline M Chin,,"2347, 1684"
Meghan L Zacher,,797
Yoshiki Ando,2633,2735
Jooyoun Park,682,
Joshua D Angrist,,487
Ludovica A Gazze,1739,
James Giles,,2387
Jordan Peeples,2730,
Yichen Su,1691,
Jeffery Y Zhang,,2427
Luwen Mai,,1875
Minsu Ko,2744,
Brady T West,,1326
Brian K Kovak,,1762
Matthew L Freedman,"2146, 1175","406, 1504"
Ruoqing Wang-Cendejas,,1211
David Rigby,209,
Markus Schneider,1935,
David Powell,,717
Patrick M Kline,535,
David Frisvold,1288,
Laurie Paarlberg,1833,
Enrico Moretti,71,
Eric Verhoogen,2111,
Jingnan Liu,,2296
Jason Harrison,,2528
Binyamin Kleinman Orleansky,2542,
John Sullivan,,"2285, 2556"
Matthew L Haumann,,"2104, 1808, 1582, 2567"
Sebastian Steffen,,"1473, 1069"
Jonathan Hawkins,,2309
Alexander M Gelber,,786
Jenny Lin,,784
Charles S Holupka,,"1881, 2507"
Dror Shvadron,,2370
Seth Carnahan,,"1814, 2296, 845"
John Wald,,1960
Michele Parker,2867,
Alecia Cassidy,1537,
Nathan L Frey,,1070
Howard J Carlson,,"1745, 2517"
Jennie E Lowry Brand,,792
Chenqi Zhu,,2511
Xudong Fu,2273,
Mark Meiselbach,,2477
Jiawei Tang,,2176
Joseph Altonji,,1787
James Lin,,514
Jordan Berne,3054,1743
Susan E Chen,,802
Till M Von wachter,,"758, 658"
Matthew E Cox,,70
Andrew Owen,,"2552, 2657"
Marlon G Boarnet,,1367
Venky Nagar,,997
Mitchell P McFarlane,,2136
Joshua Davis,,434
Lucas W Davis,"729, 595",
Yuqing Zhou,,"2299, 2127"
Gavin W Alcott,,1684
Katherine J Curtis,,2556
Richard B Freeman,,1571
Emily Owens,,2534
Andrea M Garcia,,"2631, 1298, 2439"
Jessica H Hardie,2951,
Justin R Pierce,2718,"871, 1237, 1179"
Mary E Farrell,163,
Todd E Elder,626,
Peter Philips,,2497
Caroline L Wolski,,2414
Traci L Mach,,2801
Bao Khanh H Vu,,1668
Ryan A Perry,,1571
Kyle G Coombs,,2111
Bernardo A Modenesi,,2176
Charly J Porcher,,2539
Martino Destefano,,56
Matthew S Corritore,,1069
Bethany M Smith,,"2120, 1320"
Hilary W Hoynes,,"1284, 2898"
Deniz Dutz,,2476
Marianne Mintz,,343
Kimberly N Bayard,100,
Matthew D Berman,1211,
Alice Zawacki,,2065
Brittany M Bond,,1182
Joshua L Kinsler,,2674
David Sommerfeld,,273
Rebecca J Walter,2137,
Obofoni A Obadan,,2412
Shital Sharma,,"1191, 1473, 1069"
Cuicui Chen,2763,
Tim Schmidt-Eisenlohr,,"1298, 2407"
Joshua Linn,355,"305, 272"
Joost G Berman,,588
Jeffrey A Smith,,"2840, 2413"
Dominik Jurek,,2669
Leo Zucker,,2962
Julie Park,,665
William E Schmidt,,"2104, 1808, 2567"
Jason Greenberg,1182,
Yuxuan He,,"1667, 1694"
Nicole Jones,1899,
Christopher A Hollrah,,1743
Can Yesildere,,1684
Emanuele Colonnelli,,1151
Ying Shi,,2416
Jonas Nauerz,,1731
Audrey M Guo,1632,"2406, 1694"
Anna Malinovskaya,2494,"1942, 2816, 2323"
Adam Kolasinski,1467,2316
Austin Pennington,,1668
Christopher M Hassett,,1071
Adhitya Venkatraman,,2129
HaYoung Yoon,,2339
Yuting Wu,,"2347, 1684"
Jeremy Auerbach,,1070
Cuneyt Eroglu,1871,
Dustin Frye,,1092
Jason Owen-Smith,,815
Teng Sun,,"1057, 1195"
Erin Tanenbaum,,1809
Bryn Whitmire,,795
Ahmad M Riyadh,,2717
John I Iselin,,3018
Hyoseok Kang,1699,"1182, 1406"
Samuel Antill,2910,
Lala Ma,2377,
Peter J Klenow,,"2441, 1440"
Laura D Quinby,,2387
Robert T French,,"2358, 2733"
Ivo Welch,2299,
Zhongling Qin,,"2838, 1091"
Brittany Street,2947,2295
Jared Stanfield,,"1467, 2316"
Joseph Risi,,2829
Patrick A Adams,,1400
Samantha Gailey,,2934
Xiupeng Wang,2119,"828, 1571, 2735, 1473"
Patrick J Bayer,2568,"537, 83"
Chen Yeh,1808,"1675, 1014, 2095, 2567"
James R Wagner,2371,
Nico Nastri,,2387
Fabian P Eckert,,1286
Jonathan Halket,2280,
Jose I Velarde Morales,,1684
Jan Schlupp,,1298
Gorkem Bostanci,,2199
Kelly G Strada,2424,
Tania Babina,,"1589, 2090, 662, 881"
Claudia Goldin,,1571
Yilin Jiang,,"1353, 1109"
Ramana Nanda,,306
Michael A Schultz,,1806
Yerodin Bermiss,2932,
Stephen Redding,,1515
Abraham O Oshotse,,1182
Alexandria F Sowers,,2215
Nicolas Min,,2129
Desmond Toohey,,802
Morgan M Richey,,2359
Winnie van Dijk,,2476
Nilufer Gok,,2387
Jo-Yu Chin,,2817
Anson Soderbery,,1774
Julian J Katz-Samuels,,815
Harris R Eppsteiner,,"2590, 1527"
Heesun Jang,,"1119, 906"
Ariella A Kahn-Lang,,441
George D Haushalter,,760
Meghana Gaur,,1883
Wookun Kim,2501,
Yin Kwan Chung,,1112
Yao Liu,2154,
Filip F Babalievsky,,1917
Judson Caskey,2891,2299
Maria M Sviatschi,,1225
Richard Sander,1277,
Martin Ganco,,845
Michael Sykuta,2194,1227
Gary A Thompson,,406
Mathew V Kiang,3019,
Van Pham,,1994
Sydnee Caldwell,1594,1680
Christopher Lako,1952,
David A Benson,,"299, 623"
Megha Patnaik,,1057
Daniel T Brown,,1335
Andra Ghent,2977,
Charles Murry,,"880, 1892"
David J Knight,2110,
Stephen J Trejo,1557,
Cathy Y Liu,,657
Jonathan Gruber,,601
Janna E Johnson,864,
Matthew E Pesner,,1743
Alan F Karr,1111,
Melissa C Chiu,331,
Xinyu Zhang,,2371
Andrew M Kindman,,623
Alesha Istvan,1359,
Philip E Weickert,,792
Jean F Ndashimye,,1899
Dimitris Papanikolaou,,1917
Felipe Lobel Araujo Castro,,1632
Winston P Hovekamp,,2309
Jonathan N Kadish,,"1105, 1406"
Sarah M Miller,"1743, 3011",1284
Thomas J Hedin,,2034
Xiang Ding,,"2732, 1832, 1975, 2193, 1179, 1916"
Ralph Bradley,795,
Stephan Goetz,"2083, 3062, 2512, 2966",
Timothy Collins,2717,
Sarah Akyena,,2278
Janet M Currie,,729
Frances Stillman,1809,
Theresa Osypuk,2934,
Amber Fox,1238,
Susan Marquis,255,
Adela Luque,685,333
Chad W Syverson,"277, 276, 1014","365, 1703, 1975"
Anne Hannusch,,1318
Stefan Zeume,,1850
Mufaddal H Baxamusa,2565,2396
Lucas Threinen,1252,
Ishan Ghosh,,"1057, 1670"
Michael Blank,,2590
Jihye Jang,3003,
Vincent Pons,2747,
Wayne Gray,"1191, 91, 423","1473, 1352"
Claudia Macaluso,,"1808, 1819"
Gregor Schubert,,2358
Yonglin Liang,,2732
Lydia Cox,,2229
Joshua W Mitchell,678,"786, 441"
Marai M Hayes,,1971
Le Tang,,2764
Boris Orellana,,2674
Jason Fletcher,"1849, 2338, 898, 1464",1288
Wei Xu,,2338
Kevin Conner,,2497
William C Fannin,,"3059, 2136"
Jianzhang Lin,2988,
Samuel Bondurant,,1364
Samantha Zeller,2702,
Arianna Ornaghi,1719,
Ming zhu Wang,,2296
Kenneth Tester,,2376
Nicolas J Duquette,,1284
Anders T Van Sandt,,"1835, 2120"
Sara Kimberlin,,2510
Alejandra Pilarz,2978,
Melissa P Mcinerney,,1310
Brent Goldfarb,,"848, 845"
Megan Denver,,2829
Eva Labro,1532,
Stephen J Terry,,712
Nathan Chan,,406
Catherine L Connolly,2644,
Octavio M Aguilar,,"1579, 2319"
Yihui Pan,2446,
Jason Chen,,2527
Samuel M Elkin,,163
Devon Meadowcroft,,2083
Sunghun Cho,,1819
Paul Grieco,,"2222, 2081"
Ning Zhang,2582,
Xi Huang,,657
Tunde Cserpes,,1014
Sara Grineski,,2717
Agostina Brinatti,,2104
Noah Hirschl,,2239
Nicholas J Sanders,,2776
Conrad Kosowsky,2679,
Debarshi K Nandy,"1352, 237","1180, 730"
Brad J Hershbein,,556
Nathaniel Baum-Snow,,2403
Kai-Jie Wu,2464,3010
Tanya Bakshi,,"1572, 808"
Andrew B Bernard,,"871, 1179"
Samuel G Young,2389,1684
Gordon H Hanson,,1875
Jonas Mueller-Gastell,,2406
Hao Zhang,,1485
Jocelyn Wikle,,2706
Corey Lang,,406
Abdullah Al Mahmud,,1352
Dean Yang,,1506
Federico Esposito,"2827, 2627",1883
Anton Bobrov,,3069
Marta G Wilson-Barthes,,2556
Jackson J Howell,,1400
Shuqiao Sun,,1284
Maria del rocio Bonet loscertales,,342
Xiaohua Wu,,"1353, 1433"
Yueyuan Ma,2125,
Ciao-Wei Chen,,2339
Sifan Zhou,,"786, 1185"
Kathryn McConnell,,2556
Bryanna Dixon,,2054
Jane A Martin,,1917
Maria D Fitzpatrick,594,
Kartikeya Vira,,1400
Calvin M Tolbert,,2211
Xi Yang,2411,
Sorabh Tomar,,1668
Charles M Tolbert,"2120, 1320",1835
David J Munroe,,729
Christian Dippel,1092,
Leticia Juarez,,1854
Shushanik Hakobyan,,1298
Ethan Schmick,2746,
Dean M Prestegaard,13,
Soo Kyung Woo,,2685
Steven R Holloway,,"501, 44"
Lars N Vilhuber,658,
Huixin Zheng,,1277
Baridhi Malakar,,"2055, 2547, 2181"
John M Fitzgerald,195,
Joy Wang,,1571
MaryJane R Rabier,1814,
Cody B Spence,,"2307, 2357"
Vojislav Maksimovic,,"848, 1354"
Henry Friedman,2127,
Sarah small,2283,2054
Satkartar Kinney,1746,1111
Christine Mulhern,,2759
Gale A Boyd,"2173, 343, 623, 1213, 293","406, 1385, 1667"
Jordi M Bofill,,1811
Olga V Aristova,,1561
Evgeny Burinskiy,2428,
Salvatore Saporito,1310,
Jane Olmstead-Rumsey,,1134
Tatyana V Kuzmenko,,"406, 623"
Michelle C Stanley,,"2414, 2485"
Nathan Wilmers,,2176
Lawrence D Schmidt,1400,"848, 1917"
Nereyda Y Ortiz Osejo,,1994
Craig Carpenter,"1835, 2875, 1215","2885, 2120, 1320"
Brian C Rowe,,100
Sarah Gertler,2874,1684
Sasha - Brodsky,,580
Steven Schmeiser,,514
J Bradford Jensen,"871, 1832",
Jose Carreno-Garcia,2133,
Myriam Quispe-Agnoli,,1215
Charles Varner,2510,
Michael R Betz,1619,
David Schwegman,1959,
Brian A Green,,2407
Kristy Buzard,1988,
Jong Chung,2698,
Conor Walsh,1811,
Ryan Janicki,,1071
Ryun Jung Lee,2485,
Anna B Flynn,,2817
Sanjay K Arora,,1115
Hannah Sheldon,,1473
Justin Plascencia-Maciel,,2717
Jacob T Watson,,"1085, 1208"
Randall P Walsh,,550
Bryan A Stuart,1942,"2548, 2769, 1284, 1854, 2105, 802"
Adrien Auclert,,2109
Michael Topping,,2338
Nathaniel Hendren,,2590
Anthony T Lo sasso,348,
Xinyue Pei,,"2104, 1694"
Joseph W Sakshaug,1326,
Ashley H Hirai,2817,
James O Driver,2316,1467
Cheyenne Lonobile,,2357
Vernon Henderson,189,
David J Tucker,273,
Jeffrey B Liebman,"441, 177",
Beau L Bressler,,"2104, 1582"
Jason Ward,2013,
Sarah Hamersma,2136,
Wei Jiang,,1831
Christopher J Simard,,1504
Sandra Newman,"1881, 2507",
Burkett A Evans,,1134
Nathanael P Rosenheim,,1367
Margaret Hudson,,"501, 44"
Peter D Psathas,,"1988, 3020"
Valeria Zeballos Doubinko,,"1988, 3020"
Kevin A Roberts,,"1667, 2528, 2998"
Colin T Gray,,1616
Samuel T Ledermann,,708
Rebecca Thornton,,2197
Xiao Cen,"2904, 1831",
Alex S Blumenfeld,,2347
Maria Zhu,2985,
David Zeke,,1381
Holden Diethorn,,"1571, 1315, 2119"
Andrew Hess,,2548
John V Winters,,3044
Julia Yates,,1743
Emmanuella Kyei Manu,,2441
Corbett Grainger,2836,
Katherine Waldock,,1212
Pietro Pellerito,3067,
"Channing P Verbeck, Jr.",,926
Matthew Wilson,,1605
William R Schirmer,,"1883, 2527"
Patrick Krueger,1946,
Rolando A Rodriguez,,"1706, 1866"
Randy A Becker,,1191
Linmei Amaya,,1774
Kenneth Troske,2810,"2592, 2262"
Ryan M Gallagher,,"406, 293"
T Kirk K White,"617, 467, 550","1151, 623"
Boyan Han,,1873
Yana A Kucheva,"1712, 884, 3072",1277
Chantel Maguire,,2556
Davin Wang,,1874
Elisa Jacome,,2543
Charis Kubrin,,2534
Michele Carter,,1736
Joseph W Kinsella,,2417
Narayan Sastry,664,"2285, 1706, 2556"
Qi Li,1990,
John C Braxton,,"848, 1917, 2840"
Terra G Mckinnish-Harllee,,"1802, 550"
Mark Greenan,,1515
Rachel Goodell,,"406, 623"
Jesse Bruhn,,2090
Andrew Stokes,3081,
Margaret Dalton,,"1731, 1571, 1352, 1182"
Siena Crivac,,2717
Adarsh Kumar,,2441
Andrew Proctor,,2568
Manasa Gopal,2055,
Felipe Goncalves,,2543
Mythili Vinnakota,,2836
Julie L Hotchkiss,"2278, 1208",2058
Tiffany L Cho,,2501
Benjamin F Jarvis,,792
Michael Lipsitz,,2528
Annemarie Schweinert,2840,
Ishan Nath,1785,
Aner Zhou,,2127
Antonio Falato,,1572
Andrew K Hildreth,"70, 429",
Alexander D Natanson,,2338
Rebecca A Schut,,2811
Deniz Gorgulu,,2548
David Agrawal,2376,
Sandile Hlatshwayo,,1105
Richard Dunn,"1119, 2221",
Kenneth Ahern,,753
Yingyan Zhao,,"1109, 1990"
Tommaso Porzio,,2527
Daria M Pelech,,"686, 623"
Yuriy Gorodnichenko,,286
Kathryn F Anderson,2414,
Katherine R Wagner,,2309
Alena D Clarke,,845
Aaron C Markiewitz,,1605
Clare B Stevens,,2510
Brant J Walker,,2211
Eva Lyubich,2410,"1406, 2211"
Paul R Shafer,,1456
Lorenz Ekerdt,,"3010, 2464"
Joonkyu Choi,,"2095, 845, 2296"
Curtis Hall,2432,
Theodore J Naff,,"1762, 1572"
Wei Gao,,"1353, 761"
Kalee Burns,2058,"2278, 1208"
Jacob B Howard,2157,1257
Candice Y Wallace,,545
Jeffrey E Zabel,596,1875
Daniel L Chen,1099,
Clinton D Chadwick,,342
Johannes F Schmieder,,1803
Melissa Desfor,2896,
Ashvin Gandhi,2358,
Daniel G Sullivan,,410
Megan Bears Augustyn,1392,
Ivan Rudik,,2800
Sandy Wong,1674,
Alaina G Barca,,2403
Hyoung gun Wang,,189
Kassandra M McLean,2699,"1802, 1846"
Zachary Levinson,,864
Sui-Jade Ho,,"1298, 1057, 987"
Naixin Zhu,,2550
Raymon Yue,,2441
Zheng Tian,,"2083, 3062, 2512, 2966"
David G Wiczer,1819,
Tao Li,2768,
Matt A Nelson,,620
Vincent La,,881
Matthew A Zook,545,
Elizabeth Korver-Glenn,2080,
Donna Rothstein,,2525
Jeffrey A Groen,2525,
Ashley Juhl,,2817
Siim Soot,588,
Lena C Edlund,1225,
Ron Shadbegian,,91
Patrick W Farrell,,1515
Prabhava Upadrashta,,"2358, 2185"
Jungkyu Suh,,2185
Gregorio S Caetano,,537
Gordon M Phillips,"848, 1917, 2511",
Sergio Salgado Ibanez,,"2633, 1694, 2306, 2109"
Holger Sieg,,297
Yue Gao,,"1191, 1473, 1352"
Christina M Qiu,,1975
Chelsea Garber,,2498
Joao Vitor Rego Costa,,"1942, 1572, 808"
Kimberley A Geaghan,,907
Yuci Chen,1779,"1633, 1527"
James Wang,,880
Shih-Chuan Lin,,1227
Ernesto F De Lima Amaral,1994,
Alexander J Almeida,,1667
Yiyang Zeng,,1182
Rebecca Lester,2129,
Eugene Chang,,424
Abe X Dunn,,795
Jerome P Reiter,"1385, 560",617
Ruidi Huang,,2762
Dominic Smith,,"870, 1237, 1975, 1276, 1179"
Yeo Jin Kim,,2932
Greer Mellon,2925,
Allison M Nunez,,1315
Thomas Foster,,"1866, 2137, 2357"
Mai Anh Ngo,,662
Christoph Boehm,,"1298, 784, 2439"
Itay Saporta Eksten,,"1694, 1057, 712"
Joshua W Bricker,,1284
James S Fogel,,2176
Dennis Epple,297,
Amanda G Bauer,,1569
Rongqing Han,1665,
Elton Mykerezi,994,
Maria J Perez-Patron,,1557
John N Friedman,,1706
Clara M Zverina,,441
Kevin Connolly,2364,1743
Elisabeta Minca,,"1745, 2517"
Katharina L Klaunig,,792
James D Zahniser-Word,,623
Francine Lafontaine,880,
David Weinstein,1515,
Katariina Mueller-Gastell,,2406
Olivia Edwards,,2459
Sharat Ganapati,"2193, 1518, 1286","1105, 1811, 1406"
Christine Schwartz,,2239
Yash Singh,,2441
Zhangchi Ma,,2406
Tetyana Shvydko,,539
Maysen Yen,,"1522, 2146"
Erling Barth,786,"1571, 1315"
John Bound,802,287
Xinkun Nie,,2510
Michael Brill,,1703
Elizabeth M Johnson,,1774
Colin J Hottman,,"2193, 2407"
Ryan F Barr,,"1571, 2766"
Ling Wu,,1994
Wenjian Xu,,"880, 1686"
Christine (HsiaoWen) Huang,,"618, 598"
Jorge Aguero,,215
Jason DeBacker,2941,
Namsuk Kim,265,
Nathaniel Pinhas,,2592
Russell Hillberry,57,
Stacey H Chen,487,
Samuel Ventura,,1681
Santiago Martinez,,1819
Richard Hornbeck,,272
Brandon L Gipper,,1668
Matias Busso,,535
Patrick Higgins,,1318
Joseph Ferrie,2271,2489
Keith F Finlay,,2947
Seoyeon Moon,,"848, 1873"
Erick R Sager,,2319
Assa Cohen,2370,
Wang Jin,1473,"1191, 1571, 2119, 2396, 1617, 828, 1069"
Britton J Lombardi,,410
Marisol Rodriguez Chatruc,,987
Marvin B Lieberman,,444
Fidan A Kurtulus,3061,1589
Rebecca J Bielamowicz,,1806
Yukako Ono,410,189
Yifang N Guo,,"1213, 623"
Daniel R Carvalho,,848
Mehmet Atalay,,1014
Nancey G Leigh,2711,
James D Omartian,,"2103, 1532, 3075"
Conrad C Miller,"2793, 1338",
Qingli Fan,2776,
Monica C McInerney Wood,,"406, 662, 617, 623, 493, 550"
Alberto Arredondo Chavez,,1605
Eric Hoyt,,3061
Chika Okafor,2802,
Xiao Ren,,1091
Alexander C McLain,,2086
Cody Tuttle,,1737
Bence Bardoczy,,2306
Gerald R Marschke,1315,"786, 2119"
Andrew L Johnson,,1213
Parag Mahajan,"2105, 1506","2104, 880, 1582"
Eric Ohrn,,2528
Chengdai Huang,,1917
Robert McMillan,537,
Tengying Weng,,811
Melissa J Bjelland,,509
Jared Carbone,1901,
Tara Watson,,2192
Jianpeng Deng,,1257
Warren A Brown,,"670, 669, 2136"
Jennifer Candipan,,1360
Bo Zhao,,580
Joseph Persky,,406
Nuri Ersahin,2762,"1958, 1212"
Ari Fleischer,,2157
Ziqi Zhou,,"2827, 2627"
Lee Shaker,2114,
Seungmin Lee,,2913
William Wang,,2441
Aiden C Toner-Rodgers,,2527
Kateryna Holland,"1551, 2968",
Alannah Shute,,2547
Alejandro G Graziano,,987
Cyrus Hester,,2575
Laura A Boisten,,2840
Denise J Duffy,,664
Stephen L Ross,"424, 83, 1481",
Anqi Chen,,2387
Jean M Abraham,"1362, 878",
David C Folch,,1070
Philip O Armour,,"524, 3002"
Sara Patricia Ferreira Moreira,2586,908
Ryan Fraser,,1743
Emilie A Jackson,,2406
Ishuwar Seetharam,1652,1151
Isaac Cohen,2842,
Yanbo Zeng,,2358
Erin Hofmann,2894,
Katherine R Genadek,,2228
Alok Ranjan,,2197
Norman H Nie,390,
James M Flynn,,1846
Elizabeth U Cascio,2493,
Zhiling M Shea,,2040
Lingxin x Hao,2824,
Lara Shore-Sheppard,2192,
Martha H Stinson,,"1664, 2699"
Philip A Luck,1002,"1057, 1670"
Douglas V Almond,1000,
Joel Elvery,,9
Latetia V Moore Freeman,2970,
Louis D Preonas,,1158
Stephen Frimpong,,2194
John Barrios,,2766
Blaine D Byars,,766
Ethan B Sawyer,,2034
Rashmi M Patwardhan,,2487
H. Spencer Banzhaf,,1284
Nisha Chikhale,,1917
Kristen L Burke,,2602
Atul Gupta,2065,
Christopher D Boone,,"3018, 1175"
Soojong Kim,,2114
Omeed Maghzian,2590,
Maria D Tito,,1237
Meredith Fowlie,1158,
Juanita Jaramillo,,1684
Ethan Jenkins,2695,"2769, 3067"
Tara Shochet,,287
Lily M Seitelman,,1803
Yuqing Han,,"2197, 2079"
Samuel M Bailey,,2221
David J Price,,1057
Julian Aramburu,,1787
Tao Shu,,1091
Stephanie H Lo,,1112
Nicholas Nagle,874,1070
Dieu Linh Nguyen,,1213
Anna Belova,,"1191, 91"
Manju Puri,,493
Prateek Puri,,2759
Nathan Goldschlag,,"1731, 1975, 1916"
Elham Erfanian,,2552
Charles Courtemanche,1347,
Reid M Dorsey-Palmateer,,580
Stephanie Straus,,2436
Hsu-Chih Cheng,,2907
Yingjie Wu,,1515
Kenneth A Bollen,,455
Katherine Eriksson,,2523
Mathis Schulte,,342
Jonathan Dirlam,,1549
Joseph Chance,,1875
Rozhan Ghanbari,,2817
Minwoo Hyun,3009,
Nicholas T Ryan,,1990
Angela S Heisey,,2817
Annie E Ro,1748,287
Danielle Sansone-Poe,,2442
Giovanni Peri,,"2104, 1582"
Xuan Su,,1668
Sylwia Piatkowska,2687,
Timothy S Simcoe,269,1874
Andrew J Houtenville,509,
Vladimir Smirnyagin,,2012
Jose Maria Barrero Sanclemente,,"1151, 1652"
Michael G Mueller-Smith,2295,
Raluca Dragusanu,1112,707
Anna Paulson,401,
Colin S Campbell,,792
Pinghui Wu,,"802, 2108"
Chengyuan He,,2685
Anna Gardner,,1806
William H Nober,,2527
William D Bradford,674,
Xiaodong Du,2521,
Savannah U Kochinke,,1803
Evan J Taylor,,1284
Keyoung D Lee,,2501
Alexander Siebert,2697,
Martin Aragoneses,,2590
Justin Frake,,845
Darius J Singpurwalla,,1315
Shantanu Khanna,,"1504, 1522, 2146"
Thu Ha Bui,,2439
Bhashkar Mazumder,"299, 406",1743
Christopher L Watson,,1890
Rachel McKane,,2517
Brendan J Casey,,"1191, 1352"
Rishi Sharma,,784
Nikolas J Zolas,,"1774, 1257, 1975"
Michael R Elliott,,1157
Tao Tao,,"1191, 1352"
Eung H Kim,,662
Rebecca Jack,,"2593, 2476"
Caroline P Danielson,1220,
Sylvia K Kuo,,589
John Anders,,"1888, 1835, 2120"
Sarah Gollust,1456,
Austin McCrea,,1833
Dania V Francis,,1875
Cooper A Howes,,1808
Isaac N Sorkin,,"2406, 2109"
Rebecca B Goldgof,,1703
Lydia L Qin,,2766
Xi He,1680,"1181, 1589"
Jennifer M Paniza,,447
Huan Yang,,1091
Dean Corbae,2981,
Mons Chan,,870
Peng Shao,2837,
Valeska A Araujo,,406
Joel Melendez-Lugo,844,
Madeleine Drost,,1619
Ildiko Magyari,1314,1515
Su Zhang,,1213
David Bleckley,,2239
Kelly Raley,,2602
Juana Sanchez,1153,
Lauren Lambie-Hanson,,3020
Amy Spring,2665,
Youngsuk Yook,1528,
Rosemary M Coskrey,,1808
Matthew A Woerman,,1158
Irma Arteaga,2412,
Jonathan Meer,,2459
Julia Y Wu,,"1883, 2527"
Eric P Baumer,1549,
Allan G Collard-Wexler,"1353, 707, 1433, 422",
Lee R Mobley,796,
Rebecca A Nesbit,,1833
Zhida Gui,,1014
Richard A Wright,,44
Joshua D Gottlieb,1756,
Pinar N Karaca-Mandic,820,1456
Serene Ho,,1485
Ezra Karger,2090,1971
Adam R Saunders,466,828
Henry R Hyatt,,2319
Scott C Loring,,2090
Lisa M Lynch,204,
Jackson R Reimer,,2065
Martin Koenen,,2747
Hyunseob Kim,1572,"2095, 808"
Matt Pecenco,,1105
Benjamin C Seloske,,1583
Lokesh Kalahasthi,,863
Jiameng Zheng,2079,
Hugo A Hopenhayn,1276,
Giulia Olivero,,1178
Tanya L Stasio,,"1191, 1473"
David H Autor,"1181, 1684",
Adam M Guren,,786
Susan Dynarski,601,
Aditya Sunderam,,"2590, 1134"
Andrew J Earle,,1890
Eric Boschmann,,2540
Joanna E Venator,,1849
Daiqiang Zhang,,2763
Lan Lin,,"1105, 1284, 932"
Ngoc-Thoa Khuu,,2357
Daniel J Grodzicki,,"1057, 712"
Lewis S McLean,,2222
Nicolas L Bottan,1753,
Joan Farre-Mensa,719,
Peter K Schott,,"1298, 1883, 1273, 1257, 1179, 871, 1975, 1916"
Yi Cheng,,1000
Chandni Raja,2771,
Donovan A Anderson,937,
Benjamin Austin,,1519
Anirudh Jayanti,,880
Arlene Wong,,848
Qize Chen,,2103
Kayla M Frisoli,,1681
Lucy McMillan,,2108
Miles Finney,2481,
Jonathan Daw,,2951
Kamelia Stavreva,,2476
Benjamin Pyle,,2295
Jacob I Wren,,2473
Renee Louis,,"2510, 2888"
David Arnold,1889,1582
Darryl Cooney,3031,
Roberto L Pedace,530,
Nazli M Toraganli,,"532, 535"
Jonathan Wallen,,1151
Matthew H Shapiro,286,870
Jesse M Gregory,,"664, 535"
Manasi A Deshpande,1736,
Abigail Weitzman,2602,
James D Gaboardi,1866,"1070, 2228"
Richard D Alba,532,2703
Justin V Gilbert,2733,2358
Andrew L Steck,,1213
Shoumitro Chatterjee,,1518
Steven J Monahan,,503
Bidisha Lahiri,,270
Thomas R Leinbach,,545
Jun Xu,,2431
Jessica Bai,2890,
Maxwell Kellogg,1971,
John Williamson,,2970
Sergio M Villalvazo,,2199
Avishai Schiff,"2059, 1497",
John R Graham,808,
Maliheh Birjandi-Feriz,,871
Robert Collinson,,"2403, 2476"
Chenchen Peng,,1975
Filiz Garip,,2167
Yi Daniel D Xu,,"2210, 1109, 2998"
Naomi Hsu,,70
Margaret M Triyana,,447
Richard K Mansfield,1802,"2699, 1846"
Tim Komarek,,2661
Jeffrey Shrader,2112,2851
Yelena Larkin,,760
Philipp Schnabl,,2055
Erica L Moszkowski,,2550
Tal Gross,1125,
Brian P McCall,1666,800
Nathaniel Barlow,2650,2034
Anna M Peterson,,381
Catherine L Gonzalez,,2606
Christopher M Clapp,"1450, 765",
Edward A Rubin,,1105
Amit Khandelwal,,1518
Lea Bart,2680,2548
Theodore Figinski,,2547
Manuel Adelino,,808
Ayush Sinha,,1874
Billy H Huang,,2103
Daniel B Ladd,,2146
James D Bachmeier,,"2307, 2357"
Sofia Avila Jamesson,,2888
Zhiheng Hu,,2280
Varadarajan Chari,2012,
Melissa R Banzhaf,,1284
Karam Jo,,2095
Jeremy A Kirk,2797,
Anthony Papac,2608,
Kristina S Steffenson McElheran,"1069, 828","1571, 1473, 422"
Emin M Dinlersoz,362,
Jeffrey P Clemens,,1756
Christina Patterson,"2347, 1616","1181, 1684"
Ilaria D'Angelis,,1875
Zoltan Wolf,,1237
Abigail M Cooke,,792
Ariadna Jou,,2650
Matthew S Johnson,,1694
Joe Chestnut,2540,
Luyi Han,3044,"2083, 3062, 2512, 2966"
Suvy Qin,,2211
Paul T Scott,926,
Patrick J Conway,270,792
Eunah Jung,,2517
Jiaming Soh,,2439
Jenny Minier,,2552
Andrew Joung,2854,
Patrick Rooney,,1069
Ryan P Monarch,2407,"1298, 784"
Geoffrey Kocks,2961,
Luxi Han,,2214
Aspen Underwood,,2157
Danielle Sobol,3002,
Andrei A Levchenko,1298,"784, 2439"
Seth E Spielman,1070,
Sara Ronnkvist,,2556
Priyanka Parikh,,2129
Xinyi Liu,,1527
Cristian Aguilera Arellano,,1917
Brian Littenberg,,848
Kirsten S Mumma,,2751
Arthur Acolin,,2137
Jingqiu Ren,,"1994, 2234"
Allison Dunatchik,,2811
Lucy Cheskin,,1571
Michael D Steinberger,,813
Clifford A Lipscomb,,1115
Timothy Wojan,2681,"2083, 3062, 2512"
John C Haltiwanger,,"2095, 2296"
Hadrian M Gonzalez Castellanos,,"1667, 2173"
Diana Weng,2686,
William B Allshouse,2442,
Xuan Lin,,"1109, 2210, 2081"
Rebecca A Jorgensen,,881
Leland D Crane,,1237
Katherine T Burrows,,2556
Aria B Drake,,2801
Brittany E Bass,,1522
Laurel E Wheeler,,"1664, 1920"
Alfonso Flores-Lagunes,,2985
Ricardo Rubio,,2717
Adriano A Rampini,,369
Thomas Philippon,2431,
Catherine Talbot,,2575
J. Tom Mueller,2972,
Christopher M Forman,,"2103, 1069"
Mohammad Arzaghi,,"189, 607"
Nicholas Broten,,717
Juliana Quattrochi,,2593
Zhenhao Piao,,2686
Zong Yang Huang,,2109
Tarikua Erda,2851,
Emily Wisniewski,,"1298, 1237, 1703, 2718, 1518"
Matthew Doolin,,"1667, 2173, 1577, 1213"
John Mark Ellis,"501, 44",
Ekaterina Potemkina,,1572
Simcha Barkai,,2090
David Kuenzel,,2827
Lois Miller,2508,
Nicholas R Graff,,2592
Maryann P Feldman,2782,
Nicholas E Powers,,580
Su Young Choi,,1833
Aaron Scholl,,1751
Keenan M Dworak-Fisher,364,
Matthew J Niedzwiecki,,2600
Sara N Gleave,1079,657
Sathasivam Mathiyalakan,,202
Jean-Noel Barrot,,1400
Kyle Kopplin,,1751
Ted D Mouw,"1806, 792",937
Mercedes N Delgado,"1499, 618",1069
Kevin R Krivacsy,,874
Lujie Zhou,,1990
Sreedhar T Bharath,,580
David C Ribar,,195
Mitchell Linegar,,1668
Christine Liu,,1485
Peter Hudomiet,,802
Myron P Gutmann,2575,
Wei Li,1367,
Isaac N McFarlin,800,
Lisa Sanbonmatsu,,177
Rebekah A Dix,,1684
Maxwell Miller,2863,
Elizabeth Fussell,"2285, 1706, 2556",
Jisoo Kim,,"1499, 2176"
Tam T Mai,,1589
Amy B O'Hara,2436,
Merle Ederhof,997,
Shannon M Monnat,1345,
Parmanand Sinha,,1070
Izuchukwu E Mbaraonye,,2656
Jamie Roberman,,1994
Richard M Todd,,994
Christian A Moser,,"1589, 2527"
Huihuang Zhu,,2548
Samuel Kye,,"1745, 2517"
Seth Neller,2272,2603
Minh Joo Yi,,2197
Thomas S Flory,,"906, 2221"
Frank T Gaunt,,1594
Tingting Zhang,,1561
Taige Wang,,"2827, 2627"
Aymeric Bellon,2638,2910
Gregg Colburn,,2137
Lisa De Simone,,2129
Olga Malkova,,"2548, 1284, 869"
Chen Li,,"2396, 1850"
Jin Liu,2764,2210
Patricia P Padilla Lara,,1284
Sarah B Johnston,,"880, 1473"
Elizabeth E Bruch,,287
Michael Abbott,,2674
Andrea Wysocki,2600,
Emily Molfino,,2175
Benjamin Chartock,,2065
Rahul R Gupta,1841,1481
Henry Downes,2862,
Maritsa V Poros,482,
Andrew McCallum,,"1298, 784"
Lien Ta,,1670
Martin Ruef,2334,
Tongyai Iyavarakul,,623
Alison Davis,"2552, 2657",
Silke J Forbes,,1069
Ben Hyman,"1504, 1762, 2473",
Nan Li,,1831
Ruoran Gao,,1850
William Cunningham,,2501
Katharina A Lewellen,730,
Jeremy Lise,,1917
Asaf Bernstein,,1873
Samuel E DeWitt,,2829
Yubo Wei,,1400
Henry Pollakowski,,1875
Evelyn Cody,,2600
Yuehua Tang,,1987
Shanthi Ramnath,2487,
Keren M Horn,"861, 1875",
David Rehkopf,,2934
Mark Duggan,,1632
Lina Yu,2483,
Andreana Able,1681,
Amy B Martin,774,
Joseph Shapiro,,"1956, 595, 1406, 2211"
Daniel S Tan,,1220
Benjamin Iverson,2128,1151
Linda T Bui,"56, 604",
Kishore Gawande,1485,
Eric P Vance,,"3039, 2235"
Joel A Cobb,,716
Byeongdon Oh,2705,
Kristopher Deming,,2120
Ihab Saed,,784
Mahboubeh Ebrahimi,,1352
Nicholas Sly,1774,
Adam A Leive,,1762
Joshua Coval,,819
Edwin A Anyosa Galvez,,1284
William J von Geldern,2882,
Diana Sandoval Siman Pereira,,2167
Elizabeth L Greenwood,,272
Adrian A Haws,,2816
Paulo Lins,3010,
Thomas A DiPrete,,2925
Moises Yi,,"2473, 2835, 1175"
Joseph M Hanna,,2193
Sara Malik,3075,"2484, 1668"
Hongwei Xu,"1745, 2939",2517
Charles Hokayem,,2377
Yucai Wang,,623
Samuel Stern,,1605
Chang-cherng Sun,,"664, 665, 412"
Ngoc Dao,,2338
Robert A Kaya,,2215
Sally L Hudson,,487
Charles B Braymen,,270
Gideon Bornstein,"2606, 2306",
Shawn Martin,2420,
Xi Wu,,2154
Christopher R Bollinger,2592,
Caitlin A McCarthy,,1668
Karen X Ni,,1504
Margaret Isaacson,,2539
Shannon Rieger,2471,
Tomislav Vukina,,811
Jeffrey Wenger,717,
Sean Y Wang,,"1684, 2389"
Daniel Gallego,,"1572, 808"
Elan Segarra,,"1119, 2221, 1464"
Xiangjun M Ma,,649
Ki young Park,,343
Anna Aizer,53,
Yifan Shi,,"2214, 2586"
Murillo Campello,,3003
Sandra Campo,686,
Riley Wilson,2706,
Kirill Borusyak,,"1890, 1255"
Brian Quistorff,,932
Atif R Mian,,381
Austan Goolsbee,447,1703
Gal Wettstein,2387,
Alex J Wellman,,2109
Derek Young,2660,
Daniel H Cooper,,286
Brian W Gould,215,
Robert D Mare,,331
Brian S Chen,1544,1134
David Berger,,"1917, 1134, 908"
Vanessa I Alviarez,,"2104, 1057, 1670, 2109"
Scott H Holan,1071,2307
Jinyoung Lee,,1583
Zhijian Li,,2358
Ellis Scharfenaker,,1935
Scott D Blatte,,1756
Nathaniel A Pancost,"1675, 3039, 2235","1808, 1189"
Ayushi Narayan,,2493
Kandice A Kapinos,716,
Stanley A Sedo,,580
Saheon Kim,,"1572, 808"
Matthew R Backus,,"580, 880"
Emilien Gouin-Bonenfant,,2527
Bo Zheng,,2136
Tanya Byker,2108,"802, 2484"
Jacob Williams,,1237
Robert C Seamans,"1101, 2315",751
Wolfgang Keller,"1257, 1916",1975
Gabriel Unger,"1591, 1519",
Xian Jiang,,"1353, 1841, 2210, 2539"
Mark J Borgschulte,2197,
Seung Hoon Lee,1673,
Marc de la Barrera i Bardalet,,1917
Edward Miller,766,
Nurgul Ukueva,,"406, 493"
Alvin D Murphy,,"537, 550"
Caitlin Gorback,,2235
Richard E Brown,,"2214, 2586"
Thomas C Maslin,,"406, 623"
Yajie Wang,2652,
Jack DeWaard,"1586, 1380",2556
Shihe N Fu,,"83, 306"
Fernando R Chaddad,668,
Emily G Collins,869,
James M Gamble,,1400
Grant Storer,,2962
Muazzam Toshmatova,,1751
Amil K Petrin,,617
Yuan Li,,848
Cailin R Slattery,,2473
Jongho Won,,2517
Andrew D Wilcock,,1456
Hamzah S Ahmed,,2498
Christopher Campos,,"1105, 1284, 1406"
Naomi Hausman,,"828, 1890, 1069"
James Bessen,2735,828
Hani Mansour,,1802
Andrew J Wang,,"1571, 2766, 1185, 2315, 786, 1315"
Evan Mast,"2769, 2403",
Diana Lavery,,717
Stephen Yeaple,,"1257, 1975, 1916"
Ann M Rodgers,,"815, 802"
Joshua P Gagne,,"2510, 2888"
Michael J Murto,,"1284, 1854"
Shuaizhang Feng,524,
Adam R Roberts,,1888
Benjamin P Lahey,,2473
William B McCartney,,808
Bela B Szemely,,"617, 343, 623, 293"
Jiahui Xu,,2811
Peter J Choi,,1743
Zichong Qu,,"1070, 1284, 802, 1450, 1085, 1208"
Elizabeth Luh,,2295
Yanling Qi,,1208
Elizabeth A Berger,2234,
Ethan D Kaplan,3018,"1737, 1967, 1175"
Rebecca L Mueller,2081,
Harland Prechel,,1359
Alicia S Modestino,1886,
Jason D Kotter,760,
Michael Lovenheim,2041,
Melissa N Scopilliti,704,
Lauren T Pinard-Andrews,,2129
Isabel Almazan,,2476
Tongyang Yang,,"1967, 2055, 2278, 1866, 1673"
Karthik Krishnan,1356,"1352, 730"
Marissa Gargano,,1746
Francis M Dillon,,2766
Dimitrije Ruzic,,"1298, 1890, 2226"
Paige P Ouimet,"1589, 662","493, 881"
Eugenio P Pinto,1569,
Caroline Sprecher,,1532
Keith A Meyers,,"1719, 2271"
David A Boulifard,1188,
Saikat Nandy,,1071
Todd K Gardner,,"1745, 2556, 2285, 2228, 2517"
Chenzi Xu,2732,
Lori B Zehr,,665
Philip Pendergast,,"2215, 2283"
Rick Ogden,,1528
Lisa Abraham,2759,
John L Voorheis,,1284
Andrew Carr,,2334
Sean McConville,,2090
Theodor A Kulczycki,,"1854, 2556"
Ching Wai Chiu,,623
Scott X Marchi,,1515
John R Warren,,1586
Ian H Hardman,,2211
Sebastian J Anti,,994
Abigail K Wozniak,611,
Jennifer P Kades,,2406
Sari Kerr,,"1571, 2766, 1315, 1731, 1182, 786, 1352, 1481"
Kaitlyn A Moulton,,1284
Wenhua Di,,2501
Andrew Fenelon,,1881
Danielle Li,,601
Haotian Zhong,,1367
Laura R Wherry,,"1743, 1284"
Illenin O Kondo,,"2427, 1287"
Katherine Calle Willyard,1758,1392
Vasudha Nair,,2484
Rodney Ramcharan,2775,
Biblia S Cha,,1748
Ekaterina Kazakova,,2981
Mariko Sakakibara,815,
Ying Zhou,,1990
Celestine O Siameh,,994
Paul S Heaton,,395
Jonathan Schroeder,2228,
Stephanie Karol,2459,
Michael B Wong,,2389
Chia-Hua Lin,,1310
Ashley Craig,,2459
Brendan Lantz,,2687
Steven Mello,,2295
Xi Song,2811,
Ali Hortacsu,,"365, 277, 1014"
Nikhil Agarwal,,1684
Brigham R Frandsen,,"786, 487, 607"
Carolyn A Liebler,"1459, 2343, 797",
Randall L Reback,,2041
Ziyao Tian,,2811
Trey Cummings,2726,
Zachary Ward,2849,
Michael Long,2919,
Colin Peterson,,"2510, 2888"
Pablo Ottonello,1605,
Melanie E Wallskog,"2406, 2967","1589, 1694, 1632"
Martha J Bailey,"2548, 1284, 1854, 556",
Patrick Brady,2897,
Thomas Kemeny,,792
Ashley Gromis,2175,
Songman Kang,,623
Christopher Davis,,2661
Catherine L Mann,,1180
Aurel Hizmaj,,537
Ephraim Love,,874
Thomas Hubbard,395,365
Leo A Sveikauskas,1703,
Clare M Doyle,,"1667, 2528"
Jennifer Mayo,,2459
Travis F Dorsey,,3039
Rongzhang Wang,,"1277, 1276"
Inku Subedi,,1706
Tzy-Mey Kuo,,796
Jennifer L Bernard,,1877
Nathan H Miller,,1518
Erin Metcalf,,177
Molly Graber,,"1070, 1866"
Paula M Meloni,,2211
Kyle E Walker,2050,
Marie C Ruiz,,1808
Lin Ma,,784
Isaac Opper,,2759
Michael Clark,,2552
Andrew J Goodman-Bacon,,"1284, 410"
Paul A Lengermann,,1237
Ann L Owens,1360,
Davin Reed,,"2769, 861, 2403"
Daniel B Firoozi,,2693
Daniel J Phaneuf,,406
Sam Stripling,,"2272, 2603"
Xuan Li,,1000
Lia G Petrose,,1684
Mahour M Mellat-Parast,1577,
Jordan M Burt,,"1191, 1473"
Lakhpreet Gill,,2600
Xavier A Giroud,"1908, 1195, 2570","2851, 1151"
Jialin Li,1280,1014
Robert Dent,,"871, 908"
Edison G Yu,,712
Christopher A Kanter,,906
Matthew Langley,,163
Jade Jenkins,2040,
Shane L Martin,,1335
Carla J Gardner,,1105
Seth G Sanders,"1664, 2816, 1920",2323
Katherine Lim,,815
Xiaoyang Li,,"580, 834, 2441"
Julie A Silva,,708
Mo Xiao,296,
Jonathan M Lee,1258,"1667, 423, 1213"
Caleb Floyd,,"1706, 1866"
Jessica P Vistnes,66,
Pinchuan Ong,2149,
Sharan Sharma,,1157
Katherine A Reinmuth,,2109
Seula Kim,2095,"2296, 1572"
Yini Liu,1960,
Thomas Helgerman,,"1284, 1854"
Andre Kurmann,1670,"1002, 1057, 2109"
Teresa C Fort,"1179, 1975","1257, 1276, 1916"
David C Jinkins,,1109
Sara Zobl,,"802, 1605"
Evan T Rawley,751,269
Eduardo Morales Casado,,1276
Christina Stacy,2661,
Steven Lugauer,,2262
Jennifer Ozawa,,3031
Scott E Yonker,,570
Hannah Gagarin,,1947
Michael Shepard,,1619
William R Walker,"1105, 1406, 758, 1956, 932, 2211","2410, 729, 1284"
Ashley Erceg,,"2593, 2476"
Abdul Raheem Shariq Mohammed,,"2548, 1854"
Erika V Martinez,,"537, 623, 293"
Jacob Brown,,2747
Santiago Franco,,2441
Shih-Keng Yen,,1994
Yifang Xie,,1814
